{
  "buffers": [
    {
      "alignment": 4,
      "batch": 0,
      "channel_first": true,
      "channel_last": true,
      "epochs": {
        "end": 1,
        "start": 0
      },
      "flags": "STAI_FLAG_WEIGHTS|STAI_FLAG_CONST|STAI_FLAG_PREALLOCATED",
      "format": "STAI_FORMAT_FLOAT",
      "id": 102,
      "intq": {},
      "is_param": true,
      "mpool_id": 1,
      "name": "gemm_0_bias_array",
      "nbits": 32,
      "offset_start": 64,
      "qmn": {},
      "shape": [
        16
      ],
      "shape_map": [
        "CH"
      ],
      "size_bytes": 64
    },
    {
      "alignment": 4,
      "batch": 0,
      "channel_first": true,
      "channel_last": true,
      "epochs": {
        "end": 6,
        "start": 3
      },
      "flags": "STAI_FLAG_PREALLOCATED|STAI_FLAG_ACTIVATIONS",
      "format": "STAI_FORMAT_FLOAT",
      "id": 87,
      "intq": {},
      "is_param": false,
      "mpool_id": 0,
      "name": "gemm_0_output_array",
      "nbits": 32,
      "offset_start": 32,
      "qmn": {},
      "shape": [
        16
      ],
      "shape_map": [
        "CH"
      ],
      "size_bytes": 64
    },
    {
      "alignment": 4,
      "batch": 0,
      "channel_first": true,
      "channel_last": true,
      "epochs": {
        "end": 1,
        "start": 0
      },
      "flags": "STAI_FLAG_WEIGHTS|STAI_FLAG_CONST|STAI_FLAG_PREALLOCATED",
      "format": "STAI_FORMAT_FLOAT",
      "id": 99,
      "intq": {},
      "is_param": true,
      "mpool_id": 1,
      "name": "gemm_0_weights_array",
      "nbits": 32,
      "offset_start": 0,
      "qmn": {},
      "shape": [
        16,
        1
      ],
      "shape_map": [
        "CH",
        "CH_IN"
      ],
      "size_bytes": 64
    },
    {
      "alignment": 4,
      "batch": 0,
      "channel_first": true,
      "channel_last": true,
      "epochs": {
        "end": 1,
        "start": 0
      },
      "flags": "STAI_FLAG_WEIGHTS|STAI_FLAG_CONST|STAI_FLAG_PREALLOCATED",
      "format": "STAI_FORMAT_FLOAT",
      "id": 108,
      "intq": {},
      "is_param": true,
      "mpool_id": 1,
      "name": "gemm_1_bias_array",
      "nbits": 32,
      "offset_start": 640,
      "qmn": {},
      "shape": [
        8
      ],
      "shape_map": [
        "CH"
      ],
      "size_bytes": 32
    },
    {
      "alignment": 4,
      "batch": 0,
      "channel_first": true,
      "channel_last": true,
      "epochs": {
        "end": 10,
        "start": 7
      },
      "flags": "STAI_FLAG_PREALLOCATED|STAI_FLAG_ACTIVATIONS",
      "format": "STAI_FORMAT_FLOAT",
      "id": 91,
      "intq": {},
      "is_param": false,
      "mpool_id": 0,
      "name": "gemm_1_output_array",
      "nbits": 32,
      "offset_start": 0,
      "qmn": {},
      "shape": [
        8
      ],
      "shape_map": [
        "CH"
      ],
      "size_bytes": 32
    },
    {
      "alignment": 4,
      "batch": 0,
      "channel_first": true,
      "channel_last": true,
      "epochs": {
        "end": 1,
        "start": 0
      },
      "flags": "STAI_FLAG_WEIGHTS|STAI_FLAG_CONST|STAI_FLAG_PREALLOCATED",
      "format": "STAI_FORMAT_FLOAT",
      "id": 105,
      "intq": {},
      "is_param": true,
      "mpool_id": 1,
      "name": "gemm_1_weights_array",
      "nbits": 32,
      "offset_start": 128,
      "qmn": {},
      "shape": [
        8,
        16
      ],
      "shape_map": [
        "CH",
        "CH_IN"
      ],
      "size_bytes": 512
    },
    {
      "alignment": 4,
      "batch": 0,
      "channel_first": true,
      "channel_last": true,
      "epochs": {
        "end": 1,
        "start": 0
      },
      "flags": "STAI_FLAG_WEIGHTS|STAI_FLAG_CONST|STAI_FLAG_PREALLOCATED",
      "format": "STAI_FORMAT_FLOAT",
      "id": 114,
      "intq": {},
      "is_param": true,
      "mpool_id": 1,
      "name": "gemm_2_bias_array",
      "nbits": 32,
      "offset_start": 768,
      "qmn": {},
      "shape": [
        3
      ],
      "shape_map": [
        "CH"
      ],
      "size_bytes": 12
    },
    {
      "alignment": 4,
      "batch": 0,
      "channel_first": true,
      "channel_last": true,
      "epochs": {
        "end": 14,
        "start": 11
      },
      "flags": "STAI_FLAG_PREALLOCATED|STAI_FLAG_ACTIVATIONS",
      "format": "STAI_FORMAT_FLOAT",
      "id": 95,
      "intq": {},
      "is_param": false,
      "mpool_id": 0,
      "name": "gemm_2_output_array",
      "nbits": 32,
      "offset_start": 0,
      "qmn": {},
      "shape": [
        3
      ],
      "shape_map": [
        "CH"
      ],
      "size_bytes": 12
    },
    {
      "alignment": 4,
      "batch": 0,
      "channel_first": true,
      "channel_last": true,
      "epochs": {
        "end": 1,
        "start": 0
      },
      "flags": "STAI_FLAG_WEIGHTS|STAI_FLAG_CONST|STAI_FLAG_PREALLOCATED",
      "format": "STAI_FORMAT_FLOAT",
      "id": 111,
      "intq": {},
      "is_param": true,
      "mpool_id": 1,
      "name": "gemm_2_weights_array",
      "nbits": 32,
      "offset_start": 672,
      "qmn": {},
      "shape": [
        3,
        8
      ],
      "shape_map": [
        "CH",
        "CH_IN"
      ],
      "size_bytes": 96
    },
    {
      "alignment": 4,
      "batch": 0,
      "channel_first": true,
      "channel_last": true,
      "epochs": {
        "end": 8,
        "start": 5
      },
      "flags": "STAI_FLAG_PREALLOCATED|STAI_FLAG_ACTIVATIONS",
      "format": "STAI_FORMAT_FLOAT",
      "id": 89,
      "intq": {},
      "is_param": false,
      "mpool_id": 0,
      "name": "nl_0_nl_output_array",
      "nbits": 32,
      "offset_start": 32,
      "qmn": {},
      "shape": [
        16
      ],
      "shape_map": [
        "CH"
      ],
      "size_bytes": 64
    },
    {
      "alignment": 4,
      "batch": 0,
      "channel_first": true,
      "channel_last": true,
      "epochs": {
        "end": 12,
        "start": 9
      },
      "flags": "STAI_FLAG_PREALLOCATED|STAI_FLAG_ACTIVATIONS",
      "format": "STAI_FORMAT_FLOAT",
      "id": 93,
      "intq": {},
      "is_param": false,
      "mpool_id": 0,
      "name": "nl_1_nl_output_array",
      "nbits": 32,
      "offset_start": 32,
      "qmn": {},
      "shape": [
        8
      ],
      "shape_map": [
        "CH"
      ],
      "size_bytes": 32
    },
    {
      "alignment": 4,
      "batch": 0,
      "channel_first": true,
      "channel_last": true,
      "epochs": {
        "end": 15,
        "start": 13
      },
      "flags": "STAI_FLAG_OUTPUTS|STAI_FLAG_PREALLOCATED|STAI_FLAG_ACTIVATIONS",
      "format": "STAI_FORMAT_FLOAT",
      "id": 97,
      "intq": {},
      "is_param": false,
      "mpool_id": 0,
      "name": "nl_3_output_array",
      "nbits": 32,
      "offset_start": 12,
      "qmn": {},
      "shape": [
        3
      ],
      "shape_map": [
        "CH"
      ],
      "size_bytes": 12
    },
    {
      "alignment": 4,
      "batch": 0,
      "channel_first": true,
      "channel_last": true,
      "epochs": {
        "end": 4,
        "start": 2
      },
      "flags": "STAI_FLAG_INPUTS|STAI_FLAG_PREALLOCATED|STAI_FLAG_ACTIVATIONS",
      "format": "STAI_FORMAT_FLOAT",
      "id": 85,
      "intq": {},
      "is_param": false,
      "mpool_id": 0,
      "name": "serving_default_keras_tensor0_output_array",
      "nbits": 32,
      "offset_start": 28,
      "qmn": {},
      "shape": [
        1
      ],
      "shape_map": [
        "CH"
      ],
      "size_bytes": 4
    }
  ],
  "environment": {
    "generated_model": {
      "generated_time": "2026-01-24T22:00:53+0530",
      "model_files": [
        {
          "name": "network_data_params.h",
          "signature": "0x6e77e98f94dbd4fe8cf1e2b4bd3a1125"
        },
        {
          "name": "network_data_params.c",
          "signature": "0x2e0ed3026db2378fb3e7297a76992742"
        },
        {
          "name": "network_data.h",
          "signature": "0x3f8a5a8d7950d0c4669e35d5e13f9f07"
        },
        {
          "name": "network_data.c",
          "signature": "0xc9237b4f8e76f57ffe9158ee5f0584de"
        },
        {
          "name": "network_config.h",
          "signature": "0x8d9a1bdc2b6cfe6f98d896a047383806"
        },
        {
          "name": "network.h",
          "signature": "0xb774b573a3342edb20200863723a750e"
        },
        {
          "name": "network.c",
          "signature": "0xeb1a2a6ac713c376344b0351e608f6ae"
        }
      ],
      "name": "network"
    },
    "network_signature": "0x4d62044b45733cac",
    "test_name": "",
    "tools": [
      {
        "arguments": "generate --target stm32f4 --name network -m D:/stm_ai/dht22_temp_classifier.tflite --compression none --verbosity 1 --workspace C:/Users/desd/AppData/Local/Temp/mxAI_workspace2052789825398001040644915351112394 --output C:/Users/desd/.stm32cubemx/network_output",
        "environment": [
          "STATS_TYPE=X-CUBE-AI"
        ],
        "input_model": {
          "model_files": [
            {
              "name": "dht22_temp_classifier.tflite",
              "signature": "0x4fe47a5ce67cf5755111f40068b2d60f"
            }
          ],
          "n_params": 195,
          "name": "dht22_temp_classifier",
          "size": 780,
          "type": "tflite"
        },
        "name": "ST.EdgeAI.Core",
        "version": "2.2.0-20266 2adc00962"
      }
    ]
  },
  "graphs": [
    {
      "edges": [
        {
          "buffer": 87,
          "edge_kind": "EDGE_MEMORY",
          "end": {
            "node_id": 8,
            "port": 0
          },
          "id": 0,
          "name": "n7-p0_n8-p0",
          "start": {
            "node_id": 7,
            "port": 0
          }
        },
        {
          "buffer": 89,
          "edge_kind": "EDGE_MEMORY",
          "end": {
            "node_id": 9,
            "port": 0
          },
          "id": 1,
          "name": "n8-p0_n9-p0",
          "start": {
            "node_id": 8,
            "port": 0
          }
        },
        {
          "buffer": 91,
          "edge_kind": "EDGE_MEMORY",
          "end": {
            "node_id": 10,
            "port": 0
          },
          "id": 2,
          "name": "n9-p0_n10-p0",
          "start": {
            "node_id": 9,
            "port": 0
          }
        },
        {
          "buffer": 93,
          "edge_kind": "EDGE_MEMORY",
          "end": {
            "node_id": 11,
            "port": 0
          },
          "id": 3,
          "name": "n10-p0_n11-p0",
          "start": {
            "node_id": 10,
            "port": 0
          }
        },
        {
          "buffer": 95,
          "edge_kind": "EDGE_MEMORY",
          "end": {
            "node_id": 12,
            "port": 0
          },
          "id": 4,
          "name": "n11-p0_n12-p0",
          "start": {
            "node_id": 11,
            "port": 0
          }
        }
      ],
      "id": 0,
      "inputs": [
        85
      ],
      "name": "dht22_temp_classifier",
      "nodes": [
        {
          "attributes": {
            "num_units": "16",
            "use_bias": "True"
          },
          "description": "Dense",
          "id": 7,
          "inputs": [
            85,
            99,
            102
          ],
          "macc": 32,
          "mapping": "NODE_SW",
          "name": "gemm_0",
          "original_nodes": [
            "0"
          ],
          "outputs": [
            87
          ],
          "scratchs": [],
          "subgraph_nodes": [],
          "sw_functions": [
            "forward_dense"
          ]
        },
        {
          "attributes": {
            "nonlinearity": "relu"
          },
          "description": "Nonlinearity",
          "id": 8,
          "inputs": [
            87
          ],
          "macc": 16,
          "mapping": "NODE_SW",
          "name": "nl_0_nl",
          "original_nodes": [
            "0"
          ],
          "outputs": [
            89
          ],
          "scratchs": [],
          "subgraph_nodes": [],
          "sw_functions": [
            "forward_relu"
          ]
        },
        {
          "attributes": {
            "num_units": "8",
            "use_bias": "True"
          },
          "description": "Dense",
          "id": 9,
          "inputs": [
            89,
            105,
            108
          ],
          "macc": 136,
          "mapping": "NODE_SW",
          "name": "gemm_1",
          "original_nodes": [
            "1"
          ],
          "outputs": [
            91
          ],
          "scratchs": [],
          "subgraph_nodes": [],
          "sw_functions": [
            "forward_dense"
          ]
        },
        {
          "attributes": {
            "nonlinearity": "relu"
          },
          "description": "Nonlinearity",
          "id": 10,
          "inputs": [
            91
          ],
          "macc": 8,
          "mapping": "NODE_SW",
          "name": "nl_1_nl",
          "original_nodes": [
            "1"
          ],
          "outputs": [
            93
          ],
          "scratchs": [],
          "subgraph_nodes": [],
          "sw_functions": [
            "forward_relu"
          ]
        },
        {
          "attributes": {
            "num_units": "3",
            "use_bias": "True"
          },
          "description": "Dense",
          "id": 11,
          "inputs": [
            93,
            111,
            114
          ],
          "macc": 27,
          "mapping": "NODE_SW",
          "name": "gemm_2",
          "original_nodes": [
            "2"
          ],
          "outputs": [
            95
          ],
          "scratchs": [],
          "subgraph_nodes": [],
          "sw_functions": [
            "forward_dense"
          ]
        },
        {
          "attributes": {
            "axis": "CH",
            "nonlinearity": "softmax",
            "orig_axis": "-1"
          },
          "description": "Nonlinearity",
          "id": 12,
          "inputs": [
            95
          ],
          "macc": 45,
          "mapping": "NODE_SW",
          "name": "nl_3",
          "original_nodes": [
            "3"
          ],
          "outputs": [
            97
          ],
          "scratchs": [],
          "subgraph_nodes": [],
          "sw_functions": [
            "forward_sm"
          ]
        }
      ],
      "original_inputs": [
        {
          "c_shape_map": [],
          "data_format": {
            "quantizer": "NONE",
            "scale": [],
            "size": 32,
            "type": "FLOAT",
            "zero": []
          },
          "name": "serving_default_keras_tensor0",
          "shape": [
            1,
            1
          ],
          "shape_map": [
            "BATCH",
            "CH"
          ]
        }
      ],
      "original_outputs": [
        {
          "c_shape_map": [],
          "data_format": {
            "quantizer": "NONE",
            "scale": [],
            "size": 32,
            "type": "FLOAT",
            "zero": []
          },
          "name": "nl_3",
          "shape": [
            1,
            3
          ],
          "shape_map": [
            "BATCH",
            "CH"
          ]
        }
      ],
      "outputs": [
        97
      ]
    }
  ],
  "json_schema_version": "2.0",
  "memory_footprint": {
    "activations": 96,
    "io": [
      0,
      0
    ],
    "kernel_flash": 10054,
    "kernel_ram": 1988,
    "series": "stm32f4",
    "toolchain": "arm-none-eabi-gcc (GNU Tools for STM32 13.3.rel1.20240926-1715) 13.3.1 20240614",
    "toolchain_flash": 638,
    "toolchain_ram": 0,
    "weights": 780
  },
  "memory_pools": [
    {
      "address": "NULL",
      "alignment": 4,
      "attributes": {
        "latency": "HIGH",
        "score": 768,
        "throughput": "LOW"
      },
      "buffers": [
        85,
        87,
        89,
        91,
        93,
        95,
        97
      ],
      "id": 0,
      "name": "heap_overlay_pool",
      "offset_start": 0,
      "persistent": false,
      "rights": "ACC_WRITE",
      "size_bytes": -1,
      "subpools": [],
      "used_size_bytes": 96,
      "user_allocated": false,
      "virtual": false
    },
    {
      "address": "s_network_weights_array_u64",
      "alignment": 0,
      "attributes": {
        "latency": "UNDEF",
        "score": 0,
        "throughput": "UNDEF"
      },
      "buffers": [
        99,
        102,
        105,
        108,
        111,
        114
      ],
      "id": 1,
      "name": "weights_array",
      "offset_start": 0,
      "persistent": true,
      "rights": "ACC_READ",
      "size_bytes": -1,
      "subpools": [],
      "used_size_bytes": 780,
      "user_allocated": false,
      "virtual": false
    }
  ]
}